2023-05-23 19:07:15.096930,I want to fight someone and punch them !,Anger
2023-05-23 19:07:43.515165,I want to fight someone and hit them!,Anger
2023-05-23 19:07:43.527871,I want to fight someone and hit them!,Anger
2023-05-23 19:07:43.539932,I want to fight someone and hit them!,Anger
2023-05-23 19:07:43.553011,I want to fight someone and hit them!,Anger
2023-05-23 19:07:43.564144,I want to fight someone and hit them!,Anger
2023-05-23 19:07:43.577003,I want to fight someone and hit them!,Anger
2023-05-23 19:07:43.592460,I want to fight someone and hit them!,Anger
2023-05-23 19:07:43.606977,I want to fight someone and hit them!,Anger
2023-05-23 19:07:43.619578,I want to fight someone and hit them!,Anger
2023-05-23 19:07:43.633302,I want to fight someone and hit them!,Anger
2023-05-23 19:07:43.645221,I want to fight someone and hit them!,Anger
2023-05-23 19:07:43.656622,I want to fight someone and hit them!,Anger
2023-05-23 19:07:43.668308,I want to fight someone and hit them!,Anger
2023-05-23 19:07:43.680094,I want to fight someone and hit them!,Anger
2023-05-23 19:07:43.692414,I want to fight someone and hit them!,Anger
2023-05-23 19:07:43.704205,I want to fight someone and hit them!,Anger
2023-05-23 19:07:43.717742,I want to fight someone and hit them!,Anger
2023-05-23 19:07:43.731438,I want to fight someone and hit them!,Anger
2023-05-23 19:07:43.743657,I want to fight someone and hit them!,Anger
2023-05-23 19:07:43.754803,I want to fight someone and hit them!,Anger
2023-05-23 19:07:43.767248,I want to fight someone and hit them!,Anger
2023-05-23 19:07:43.778732,I want to fight someone and hit them!,Anger
2023-05-23 19:07:43.790090,I want to fight someone and hit them!,Anger
2023-05-23 19:07:43.803848,I want to fight someone and hit them!,Anger
2023-05-23 19:07:43.817342,I want to fight someone and hit them!,Anger
2023-05-23 19:07:43.829560,I want to fight someone and hit them!,Anger
2023-05-23 19:07:43.841785,I want to fight someone and hit them!,Anger
2023-05-23 19:07:43.853548,I want to fight someone and hit them!,Anger
2023-05-23 19:07:43.867013,I want to fight someone and hit them!,Anger
2023-05-23 19:07:43.879486,I want to fight someone and hit them!,Anger
2023-05-23 19:07:43.890377,I want to fight someone and hit them!,Anger
2023-05-23 19:07:43.902773,I want to fight someone and hit them!,Anger
2023-05-23 19:07:43.913722,I want to fight someone and hit them!,Anger
2023-05-23 19:07:43.929449,I want to fight someone and hit them!,Anger
2023-05-23 19:07:43.942739,I want to fight someone and hit them!,Anger
2023-05-23 19:07:43.957971,I want to fight someone and hit them!,Anger
2023-05-23 19:07:43.970474,I want to fight someone and hit them!,Anger
2023-05-23 19:07:43.984055,I want to fight someone and hit them!,Anger
2023-05-23 19:07:43.996401,I want to fight someone and hit them!,Anger
2023-05-23 19:07:44.007908,I want to fight someone and hit them!,Anger
2023-05-23 19:07:44.021183,I want to fight someone and hit them!,Anger
2023-05-23 19:07:44.034425,I want to fight someone and hit them!,Anger
2023-05-23 19:07:44.047179,I want to fight someone and hit them!,Anger
2023-05-23 19:07:44.058782,I want to fight someone and hit them!,Anger
2023-05-23 19:07:44.070319,I want to fight someone and hit them!,Anger
2023-05-23 19:07:44.082360,I want to fight someone and hit them!,Anger
2023-05-23 19:07:44.093506,I want to fight someone and hit them!,Anger
2023-05-23 19:07:44.104413,I want to fight someone and hit them!,Anger
2023-05-23 19:07:44.115921,I want to fight someone and hit them!,Anger
2023-05-23 19:07:44.127432,I want to fight someone and hit them!,Anger
2023-05-23 19:07:44.138307,I want to fight someone and hit them!,Anger
2023-05-23 19:07:44.150276,I want to fight someone and hit them!,Anger
2023-05-23 19:07:44.162695,I want to fight someone and hit them!,Anger
2023-05-23 19:07:44.173395,I want to fight someone and hit them!,Anger
2023-05-23 19:07:44.185953,I want to fight someone and hit them!,Anger
2023-05-23 19:07:44.197279,I want to fight someone and hit them!,Anger
2023-05-23 19:07:44.208788,I want to fight someone and hit them!,Anger
2023-05-23 19:07:44.221295,I want to fight someone and hit them!,Anger
2023-05-23 19:07:44.233409,I want to fight someone and hit them!,Anger
2023-05-23 19:07:44.245334,I want to fight someone and hit them!,Anger
2023-05-23 19:07:44.256967,I want to fight someone and hit them!,Anger
2023-05-23 19:07:44.268771,I want to fight someone and hit them!,Anger
2023-05-23 19:07:44.280200,I want to fight someone and hit them!,Anger
2023-05-23 19:07:44.291085,I want to fight someone and hit them!,Anger
2023-05-23 19:07:44.302764,I want to fight someone and hit them!,Anger
2023-05-23 19:07:44.314180,I want to fight someone and hit them!,Anger
2023-05-23 19:07:44.329758,I want to fight someone and hit them!,Anger
2023-05-23 19:07:44.343284,I want to fight someone and hit them!,Anger
2023-05-23 19:07:44.355018,I want to fight someone and hit them!,Anger
2023-05-23 19:07:44.367593,I want to fight someone and hit them!,Anger
2023-05-23 19:07:44.378905,I want to fight someone and hit them!,Anger
2023-05-23 19:07:44.389761,I want to fight someone and hit them!,Anger
2023-05-23 19:07:44.402023,I want to fight someone and hit them!,Anger
2023-05-23 19:07:44.413740,I want to fight someone and hit them!,Anger
2023-05-23 19:07:44.424684,I want to fight someone and hit them!,Anger
2023-05-23 19:07:44.436686,I want to fight someone and hit them!,Anger
2023-05-23 19:07:44.447871,I want to fight someone and hit them!,Anger
2023-05-23 19:07:44.458780,I want to fight someone and hit them!,Anger
2023-05-23 19:07:44.470991,I want to fight someone and hit them!,Anger
2023-05-23 19:07:44.482985,I want to fight someone and hit them!,Anger
2023-05-23 19:07:44.494283,I want to fight someone and hit them!,Anger
2023-05-23 19:07:44.505656,I want to fight someone and hit them!,Anger
2023-05-23 19:07:44.518010,I want to fight someone and hit them!,Anger
2023-05-23 19:07:44.530092,I want to fight someone and hit them!,Anger
2023-05-23 19:07:44.540966,I want to fight someone and hit them!,Anger
2023-05-23 19:07:44.553461,I want to fight someone and hit them!,Anger
2023-05-23 19:07:44.565365,I want to fight someone and hit them!,Anger
2023-05-23 19:07:44.576679,I want to fight someone and hit them!,Anger
2023-05-23 19:07:44.588235,I want to fight someone and hit them!,Anger
2023-05-23 19:07:44.599793,I want to fight someone and hit them!,Anger
2023-05-23 19:07:44.611251,I want to fight someone and hit them!,Anger
2023-05-23 19:07:44.622837,I want to fight someone and hit them!,Anger
2023-05-23 19:07:44.634353,I want to fight someone and hit them!,Anger
2023-05-23 19:07:44.646203,I want to fight someone and hit them!,Anger
2023-05-23 19:07:44.657587,I want to fight someone and hit them!,Anger
2023-05-23 19:07:44.669124,I want to fight someone and hit them!,Anger
2023-05-23 19:07:44.681573,I want to fight someone and hit them!,Anger
2023-05-23 19:07:44.693031,I want to fight someone and hit them!,Anger
2023-05-23 19:07:44.704395,I want to fight someone and hit them!,Anger
2023-05-23 19:07:44.717068,I want to fight someone and hit them!,Anger
2023-05-23 19:07:44.728257,I want to fight someone and hit them!,Anger
2023-05-23 19:07:44.739360,I want to fight someone and hit them!,Anger
2023-05-23 19:07:44.752718,I want to fight someone and hit them!,Anger
2023-05-23 19:07:44.765683,I want to fight someone and hit them!,Anger
2023-05-23 19:07:44.777097,I want to fight someone and hit them!,Anger
2023-05-23 19:07:44.791206,I want to fight someone and hit them!,Anger
2023-05-23 19:07:44.803596,I want to fight someone and hit them!,Anger
2023-05-23 19:07:44.815184,I want to fight someone and hit them!,Anger
2023-05-23 19:07:44.826857,I want to fight someone and hit them!,Anger
2023-05-23 19:07:44.838422,I want to fight someone and hit them!,Anger
2023-05-23 19:07:44.851079,I want to fight someone and hit them!,Anger
2023-05-23 19:07:44.863170,I want to fight someone and hit them!,Anger
2023-05-23 19:07:44.877694,I want to fight someone and hit them!,Anger
2023-05-23 19:07:44.889696,I want to fight someone and hit them!,Anger
2023-05-23 19:07:44.902621,I want to fight someone and hit them!,Anger
2023-05-23 19:07:44.914257,I want to fight someone and hit them!,Anger
2023-05-23 19:07:44.925121,I want to fight someone and hit them!,Anger
2023-05-23 19:07:44.937311,I want to fight someone and hit them!,Anger
2023-05-23 19:07:44.949387,I want to fight someone and hit them!,Anger
2023-05-23 19:07:44.960375,I want to fight someone and hit them!,Anger
2023-05-23 19:07:44.972401,I want to fight someone and hit them!,Anger
2023-05-23 19:07:44.984893,I want to fight someone and hit them!,Anger
2023-05-23 19:07:44.996476,I want to fight someone and hit them!,Anger
2023-05-23 19:07:45.007407,I want to fight someone and hit them!,Anger
2023-05-23 19:07:45.021436,I want to fight someone and hit them!,Anger
2023-05-23 19:07:45.034258,I want to fight someone and hit them!,Anger
2023-05-23 19:07:45.047665,I want to fight someone and hit them!,Anger
2023-05-23 19:07:45.058897,I want to fight someone and hit them!,Anger
2023-05-23 19:07:45.071412,I want to fight someone and hit them!,Anger
2023-05-23 19:07:45.083535,I want to fight someone and hit them!,Anger
2023-05-23 19:07:45.094932,I want to fight someone and hit them!,Anger
2023-05-23 19:07:45.106095,I want to fight someone and hit them!,Anger
2023-05-23 19:07:45.118343,I want to fight someone and hit them!,Anger
2023-05-23 19:07:45.130326,I want to fight someone and hit them!,Anger
2023-05-23 19:07:45.141177,I want to fight someone and hit them!,Anger
2023-05-23 19:07:45.154147,I want to fight someone and hit them!,Anger
2023-05-23 19:07:45.166193,I want to fight someone and hit them!,Anger
2023-05-23 19:07:45.177972,I want to fight someone and hit them!,Anger
2023-05-23 19:07:45.189730,I want to fight someone and hit them!,Anger
2023-05-23 19:07:45.202791,I want to fight someone and hit them!,Anger
2023-05-23 19:07:45.215964,I want to fight someone and hit them!,Anger
2023-05-23 19:07:45.227600,I want to fight someone and hit them!,Anger
2023-05-23 19:07:45.239483,I want to fight someone and hit them!,Anger
2023-05-23 19:07:45.253377,I want to fight someone and hit them!,Anger
2023-05-23 19:07:45.266559,I want to fight someone and hit them!,Anger
2023-05-23 19:07:45.279764,I want to fight someone and hit them!,Anger
2023-05-23 19:07:45.291591,I want to fight someone and hit them!,Anger
2023-05-23 19:07:45.304699,I want to fight someone and hit them!,Anger
2023-05-23 19:07:45.319735,I want to fight someone and hit them!,Anger
2023-05-23 19:07:45.334345,I want to fight someone and hit them!,Anger
2023-05-23 19:07:45.347707,I want to fight someone and hit them!,Anger
2023-05-23 19:07:45.359867,I want to fight someone and hit them!,Anger
2023-05-23 19:07:45.373069,I want to fight someone and hit them!,Anger
2023-05-23 19:07:45.387116,I want to fight someone and hit them!,Anger
2023-05-23 19:07:45.400642,I want to fight someone and hit them!,Anger
2023-05-23 19:07:45.413603,I want to fight someone and hit them!,Anger
2023-05-23 19:07:45.426368,I want to fight someone and hit them!,Anger
2023-05-23 19:07:45.438759,I want to fight someone and hit them!,Anger
2023-05-23 19:07:45.452732,I want to fight someone and hit them!,Anger
2023-05-23 19:07:45.466712,I want to fight someone and hit them!,Anger
2023-05-23 19:07:45.480023,I want to fight someone and hit them!,Anger
2023-05-23 19:07:45.492066,I want to fight someone and hit them!,Anger
2023-05-23 19:07:45.504695,I want to fight someone and hit them!,Anger
2023-05-23 19:07:45.518726,I want to fight someone and hit them!,Anger
2023-05-23 19:07:45.532513,I want to fight someone and hit them!,Anger
2023-05-23 19:07:45.545403,I want to fight someone and hit them!,Anger
2023-05-23 19:07:45.558112,I want to fight someone and hit them!,Anger
2023-05-23 19:07:45.570044,I want to fight someone and hit them!,Anger
2023-05-23 19:07:45.582968,I want to fight someone and hit them!,Anger
2023-05-23 19:07:45.594184,I want to fight someone and hit them!,Anger
2023-05-23 19:07:45.605544,I want to fight someone and hit them!,Anger
2023-05-23 19:07:45.618631,I want to fight someone and hit them!,Anger
2023-05-23 19:07:45.630210,I want to fight someone and hit them!,Anger
2023-05-23 19:07:45.641858,I want to fight someone and hit them!,Anger
2023-05-23 19:07:45.654171,I want to fight someone and hit them!,Anger
2023-05-23 19:07:45.665988,I want to fight someone and hit them!,Anger
2023-05-23 19:07:45.677692,I want to fight someone and hit them!,Anger
2023-05-23 19:07:45.689532,I want to fight someone and hit them!,Anger
2023-05-23 19:07:45.701889,I want to fight someone and hit them!,Anger
2023-05-23 19:07:45.714040,I want to fight someone and hit them!,Anger
2023-05-23 19:07:45.725427,I want to fight someone and hit them!,Anger
2023-05-23 19:07:45.738286,I want to fight someone and hit them!,Anger
2023-05-23 19:07:45.751246,I want to fight someone and hit them!,Anger
2023-05-23 19:07:45.763198,I want to fight someone and hit them!,Anger
2023-05-23 19:07:45.774336,I want to fight someone and hit them!,Anger
2023-05-23 19:07:45.786590,I want to fight someone and hit them!,Anger
2023-05-23 19:07:45.798142,I want to fight someone and hit them!,Anger
2023-05-23 19:07:45.809614,I want to fight someone and hit them!,Anger
2023-05-23 19:07:45.821587,I want to fight someone and hit them!,Anger
2023-05-23 19:07:45.833462,I want to fight someone and hit them!,Anger
2023-05-23 19:07:45.845752,I want to fight someone and hit them!,Anger
2023-05-23 19:07:45.857254,I want to fight someone and hit them!,Anger
2023-05-23 19:07:45.868893,I want to fight someone and hit them!,Anger
2023-05-23 19:07:45.881878,I want to fight someone and hit them!,Anger
2023-05-23 19:07:45.893341,I want to fight someone and hit them!,Anger
2023-05-23 19:07:45.904712,I want to fight someone and hit them!,Anger
2023-05-23 19:07:45.916459,I want to fight someone and hit them!,Anger
2023-05-23 19:07:45.927894,I want to fight someone and hit them!,Anger
2023-05-23 19:07:45.938878,I want to fight someone and hit them!,Anger
2023-05-23 19:07:45.951050,I want to fight someone and hit them!,Anger
2023-05-23 19:07:45.962308,I want to fight someone and hit them!,Anger
2023-05-23 19:07:45.973396,I want to fight someone and hit them!,Anger
2023-05-23 19:07:45.984987,I want to fight someone and hit them!,Anger
2023-05-23 19:07:45.996726,I want to fight someone and hit them!,Anger
2023-05-23 19:07:46.007519,I want to fight someone and hit them!,Anger
2023-05-23 19:07:46.018971,I want to fight someone and hit them!,Anger
2023-05-23 19:07:46.030351,I want to fight someone and hit them!,Anger
2023-05-23 19:07:46.042739,I want to fight someone and hit them!,Anger
2023-05-23 19:07:46.054829,I want to fight someone and hit them!,Anger
2023-05-23 19:07:46.066246,I want to fight someone and hit them!,Anger
2023-05-23 19:07:46.077369,I want to fight someone and hit them!,Anger
2023-05-23 19:07:46.089154,I want to fight someone and hit them!,Anger
2023-05-23 19:07:46.101196,I want to fight someone and hit them!,Anger
2023-05-23 19:07:46.112775,I want to fight someone and hit them!,Anger
2023-05-23 19:07:46.124107,I want to fight someone and hit them!,Anger
2023-05-23 19:07:46.135735,I want to fight someone and hit them!,Anger
2023-05-23 19:07:46.146805,I want to fight someone and hit them!,Anger
2023-05-23 19:07:46.158790,I want to fight someone and hit them!,Anger
2023-05-23 19:07:46.170554,I want to fight someone and hit them!,Anger
2023-05-23 19:07:46.182458,I want to fight someone and hit them!,Anger
2023-05-23 19:07:46.194059,I want to fight someone and hit them!,Anger
2023-05-23 19:07:46.205463,I want to fight someone and hit them!,Anger
2023-05-23 19:07:46.218153,I want to fight someone and hit them!,Anger
2023-05-23 19:07:46.229600,I want to fight someone and hit them!,Anger
2023-05-23 19:07:46.240897,I want to fight someone and hit them!,Anger
2023-05-23 19:07:46.252685,I want to fight someone and hit them!,Anger
2023-05-23 19:07:46.266140,I want to fight someone and hit them!,Anger
2023-05-23 19:07:46.277884,I want to fight someone and hit them!,Anger
2023-05-23 19:07:46.289897,I want to fight someone and hit them!,Anger
2023-05-23 19:07:46.301907,I want to fight someone and hit them!,Anger
2023-05-23 19:07:46.314396,I want to fight someone and hit them!,Anger
2023-05-23 19:07:46.326342,I want to fight someone and hit them!,Anger
2023-05-23 19:07:46.338408,I want to fight someone and hit them!,Anger
2023-05-23 19:07:46.352205,I want to fight someone and hit them!,Anger
2023-05-23 19:07:46.363950,I want to fight someone and hit them!,Anger
2023-05-23 19:07:46.375767,I want to fight someone and hit them!,Anger
2023-05-23 19:07:46.388524,I want to fight someone and hit them!,Anger
2023-05-23 19:07:46.401742,I want to fight someone and hit them!,Anger
2023-05-23 19:07:46.414690,I want to fight someone and hit them!,Anger
2023-05-23 19:07:46.426473,I want to fight someone and hit them!,Anger
2023-05-23 19:07:46.438360,I want to fight someone and hit them!,Anger
2023-05-23 19:07:46.451882,I want to fight someone and hit them!,Anger
2023-05-23 19:07:46.465643,I want to fight someone and hit them!,Anger
2023-05-23 19:07:46.476865,I want to fight someone and hit them!,Anger
2023-05-23 19:07:46.489361,I want to fight someone and hit them!,Anger
2023-05-23 19:07:46.502358,I want to fight someone and hit them!,Anger
2023-05-23 19:07:46.514875,I want to fight someone and hit them!,Anger
2023-05-23 19:07:46.526261,I want to fight someone and hit them!,Anger
2023-05-23 19:07:46.539075,I want to fight someone and hit them!,Anger
2023-05-23 19:07:46.552508,I want to fight someone and hit them!,Anger
2023-05-23 19:07:46.566036,I want to fight someone and hit them!,Anger
2023-05-23 19:07:46.577892,I want to fight someone and hit them!,Anger
2023-05-23 19:07:46.590135,I want to fight someone and hit them!,Anger
2023-05-23 19:07:46.601938,I want to fight someone and hit them!,Anger
2023-05-23 19:07:46.613787,I want to fight someone and hit them!,Anger
2023-05-23 19:07:46.625495,I want to fight someone and hit them!,Anger
2023-05-23 19:07:46.638036,I want to fight someone and hit them!,Anger
2023-05-23 19:07:46.650446,I want to fight someone and hit them!,Anger
2023-05-23 19:07:46.661656,I want to fight someone and hit them!,Anger
2023-05-23 19:07:46.673159,I want to fight someone and hit them!,Anger
2023-05-23 19:07:46.686481,I want to fight someone and hit them!,Anger
2023-05-23 19:07:46.697950,I want to fight someone and hit them!,Anger
2023-05-23 19:07:46.710302,I want to fight someone and hit them!,Anger
2023-05-23 19:07:46.721864,I want to fight someone and hit them!,Anger
2023-05-23 19:07:46.733618,I want to fight someone and hit them!,Anger
2023-05-23 19:07:46.745297,I want to fight someone and hit them!,Anger
2023-05-23 19:07:46.756715,I want to fight someone and hit them!,Anger
2023-05-23 19:07:46.768451,I want to fight someone and hit them!,Anger
2023-05-23 19:07:46.779689,I want to fight someone and hit them!,Anger
2023-05-23 19:07:46.793811,I want to fight someone and hit them!,Anger
2023-05-23 19:07:46.808806,I want to fight someone and hit them!,Anger
2023-05-23 19:07:46.821517,I want to fight someone and hit them!,Anger
2023-05-23 19:07:46.833828,I want to fight someone and hit them!,Anger
2023-05-23 19:07:46.845366,I want to fight someone and hit them!,Anger
2023-05-23 19:07:46.856587,I want to fight someone and hit them!,Anger
2023-05-23 19:07:46.869997,I want to fight someone and hit them!,Anger
2023-05-23 19:07:46.881946,I want to fight someone and hit them!,Anger
2023-05-23 19:07:46.893664,I want to fight someone and hit them!,Anger
2023-05-23 19:07:46.905122,I want to fight someone and hit them!,Anger
2023-05-23 19:07:46.917059,I want to fight someone and hit them!,Anger
2023-05-23 19:07:46.928598,I want to fight someone and hit them!,Anger
2023-05-23 19:07:46.939965,I want to fight someone and hit them!,Anger
2023-05-23 19:07:46.952263,I want to fight someone and hit them!,Anger
2023-05-23 19:07:46.964098,I want to fight someone and hit them!,Anger
2023-05-23 19:07:46.975522,I want to fight someone and hit them!,Anger
2023-05-23 19:07:46.988355,I want to fight someone and hit them!,Anger
2023-05-23 19:07:47.000026,I want to fight someone and hit them!,Anger
2023-05-23 19:07:47.011914,I want to fight someone and hit them!,Anger
2023-05-23 19:07:47.023228,I want to fight someone and hit them!,Anger
2023-05-23 19:07:47.035388,I want to fight someone and hit them!,Anger
2023-05-23 19:07:47.047401,I want to fight someone and hit them!,Anger
2023-05-23 19:07:47.060903,I want to fight someone and hit them!,Anger
2023-05-23 19:07:47.072841,I want to fight someone and hit them!,Anger
2023-05-23 19:07:47.086101,I want to fight someone and hit them!,Anger
2023-05-23 19:07:47.097979,I want to fight someone and hit them!,Anger
2023-05-23 19:07:47.109042,I want to fight someone and hit them!,Anger
2023-05-23 19:07:47.121308,I want to fight someone and hit them!,Anger
2023-05-23 19:07:47.132991,I want to fight someone and hit them!,Anger
2023-05-23 19:07:47.144637,I want to fight someone and hit them!,Anger
2023-05-23 19:07:47.156377,I want to fight someone and hit them!,Anger
2023-05-23 19:07:47.168213,I want to fight someone and hit them!,Anger
2023-05-23 19:07:47.179958,I want to fight someone and hit them!,Anger
2023-05-23 19:07:47.191470,I want to fight someone and hit them!,Anger
2023-05-23 19:07:47.204188,I want to fight someone and hit them!,Anger
2023-05-23 19:07:47.216485,I want to fight someone and hit them!,Anger
2023-05-23 19:07:47.228307,I want to fight someone and hit them!,Anger
2023-05-23 19:07:47.239638,I want to fight someone and hit them!,Anger
2023-05-23 19:07:47.251974,I want to fight someone and hit them!,Anger
2023-05-23 19:07:47.263731,I want to fight someone and hit them!,Anger
2023-05-23 19:07:47.274917,I want to fight someone and hit them!,Anger
2023-05-23 19:07:47.287143,I want to fight someone and hit them!,Anger
2023-05-23 19:07:47.300138,I want to fight someone and hit them!,Anger
2023-05-23 19:07:47.311746,I want to fight someone and hit them!,Anger
2023-05-23 19:07:47.323046,I want to fight someone and hit them!,Anger
2023-05-23 19:07:47.334950,I want to fight someone and hit them!,Anger
2023-05-23 19:07:47.346959,I want to fight someone and hit them!,Anger
2023-05-23 19:07:47.358757,I want to fight someone and hit them!,Anger
2023-05-23 19:07:47.371035,I want to fight someone and hit them!,Anger
2023-05-23 19:07:47.382469,I want to fight someone and hit them!,Anger
2023-05-23 19:07:47.393699,I want to fight someone and hit them!,Anger
2023-05-23 19:07:47.405145,I want to fight someone and hit them!,Anger
2023-05-23 19:07:47.418330,I want to fight someone and hit them!,Anger
2023-05-23 19:07:47.429586,I want to fight someone and hit them!,Anger
2023-05-23 19:07:47.440898,I want to fight someone and hit them!,Anger
2023-05-23 19:07:47.453115,I want to fight someone and hit them!,Anger
2023-05-23 19:07:47.465142,I want to fight someone and hit them!,Anger
2023-05-23 19:07:47.476516,I want to fight someone and hit them!,Anger
2023-05-23 19:07:47.488511,I want to fight someone and hit them!,Anger
2023-05-23 19:07:47.500666,I want to fight someone and hit them!,Anger
2023-05-23 19:07:47.512657,I want to fight someone and hit them!,Anger
2023-05-23 19:07:47.525086,I want to fight someone and hit them!,Anger
2023-05-23 19:07:47.536703,I want to fight someone and hit them!,Anger
2023-05-23 19:07:47.548419,I want to fight someone and hit them!,Anger
2023-05-23 19:07:47.559683,I want to fight someone and hit them!,Anger
2023-05-23 19:07:47.571485,I want to fight someone and hit them!,Anger
2023-05-23 19:07:47.583277,I want to fight someone and hit them!,Anger
2023-05-23 19:07:47.594414,I want to fight someone and hit them!,Anger
2023-05-23 19:07:47.605505,I want to fight someone and hit them!,Anger
2023-05-23 19:07:47.619185,I want to fight someone and hit them!,Anger
2023-05-23 19:07:47.632058,I want to fight someone and hit them!,Anger
2023-05-23 19:07:47.644945,I want to fight someone and hit them!,Anger
2023-05-23 19:07:47.657080,I want to fight someone and hit them!,Anger
2023-05-23 19:07:47.670160,I want to fight someone and hit them!,Anger
2023-05-23 19:07:47.684561,I want to fight someone and hit them!,Anger
2023-05-23 19:07:47.697057,I want to fight someone and hit them!,Anger
2023-05-23 19:07:47.708711,I want to fight someone and hit them!,Anger
2023-05-23 19:07:47.722194,I want to fight someone and hit them!,Anger
2023-05-23 19:07:47.736545,I want to fight someone and hit them!,Anger
2023-05-23 19:07:47.750226,I want to fight someone and hit them!,Anger
2023-05-23 19:07:47.762827,I want to fight someone and hit them!,Anger
2023-05-23 19:07:47.774253,I want to fight someone and hit them!,Anger
2023-05-23 19:07:47.787827,I want to fight someone and hit them!,Anger
2023-05-23 19:07:47.801465,I want to fight someone and hit them!,Anger
2023-05-23 19:07:47.814328,I want to fight someone and hit them!,Anger
2023-05-23 19:07:47.826259,I want to fight someone and hit them!,Anger
2023-05-23 19:07:47.838514,I want to fight someone and hit them!,Anger
2023-05-23 19:07:47.853291,I want to fight someone and hit them!,Anger
2023-05-23 19:07:47.865063,I want to fight someone and hit them!,Anger
2023-05-23 19:07:47.876638,I want to fight someone and hit them!,Anger
2023-05-23 19:07:47.892110,I want to fight someone and hit them!,Anger
2023-05-23 19:07:47.907873,I want to fight someone and hit them!,Anger
2023-05-23 19:07:47.923440,I want to fight someone and hit them!,Anger
2023-05-23 19:07:47.938904,I want to fight someone and hit them!,Anger
2023-05-23 19:07:47.953874,I want to fight someone and hit them!,Anger
2023-05-23 19:07:47.967498,I want to fight someone and hit them!,Anger
2023-05-23 19:07:47.979895,I want to fight someone and hit them!,Anger
2023-05-23 19:07:47.993470,I want to fight someone and hit them!,Anger
2023-05-23 19:07:48.005139,I want to fight someone and hit them!,Anger
2023-05-23 19:07:48.017175,I want to fight someone and hit them!,Anger
2023-05-23 19:07:48.028846,I want to fight someone and hit them!,Anger
2023-05-23 19:07:48.040002,I want to fight someone and hit them!,Anger
2023-05-23 19:07:48.052712,I want to fight someone and hit them!,Anger
2023-05-23 19:07:48.064470,I want to fight someone and hit them!,Anger
2023-05-23 19:07:48.076134,I want to fight someone and hit them!,Anger
2023-05-23 19:07:48.088352,I want to fight someone and hit them!,Anger
2023-05-23 19:07:48.100139,I want to fight someone and hit them!,Anger
2023-05-23 19:07:48.111868,I want to fight someone and hit them!,Anger
2023-05-23 19:07:48.123197,I want to fight someone and hit them!,Anger
2023-05-23 19:07:48.135371,I want to fight someone and hit them!,Anger
2023-05-23 19:07:48.147198,I want to fight someone and hit them!,Anger
2023-05-23 19:07:48.159101,I want to fight someone and hit them!,Anger
2023-05-23 19:07:48.171695,I want to fight someone and hit them!,Anger
2023-05-23 19:07:48.184015,I want to fight someone and hit them!,Anger
2023-05-23 19:07:48.195375,I want to fight someone and hit them!,Anger
2023-05-23 19:07:48.206439,I want to fight someone and hit them!,Anger
2023-05-23 19:07:48.218552,I want to fight someone and hit them!,Anger
2023-05-23 19:07:48.230446,I want to fight someone and hit them!,Anger
2023-05-23 19:07:48.241857,I want to fight someone and hit them!,Anger
2023-05-23 19:07:48.253610,I want to fight someone and hit them!,Anger
2023-05-23 19:07:48.265067,I want to fight someone and hit them!,Anger
2023-05-23 19:07:48.276051,I want to fight someone and hit them!,Anger
2023-05-23 19:07:48.289406,I want to fight someone and hit them!,Anger
2023-05-23 19:07:48.300874,I want to fight someone and hit them!,Anger
2023-05-23 19:07:48.312094,I want to fight someone and hit them!,Anger
2023-05-23 19:07:48.323326,I want to fight someone and hit them!,Anger
2023-05-23 19:07:48.334917,I want to fight someone and hit them!,Anger
2023-05-23 19:07:48.346148,I want to fight someone and hit them!,Anger
2023-05-23 19:07:48.357327,I want to fight someone and hit them!,Anger
2023-05-23 19:07:48.369052,I want to fight someone and hit them!,Anger
2023-05-23 19:07:48.380538,I want to fight someone and hit them!,Anger
2023-05-23 19:07:48.391786,I want to fight someone and hit them!,Anger
2023-05-23 19:07:48.403230,I want to fight someone and hit them!,Anger
2023-05-23 19:07:48.414473,I want to fight someone and hit them!,Anger
2023-05-23 19:07:48.425495,I want to fight someone and hit them!,Anger
2023-05-23 19:07:48.437018,I want to fight someone and hit them!,Anger
2023-05-23 19:07:48.449072,I want to fight someone and hit them!,Anger
2023-05-23 19:07:48.461219,I want to fight someone and hit them!,Anger
2023-05-23 19:07:48.472230,I want to fight someone and hit them!,Anger
2023-05-23 19:07:48.484178,I want to fight someone and hit them!,Anger
2023-05-23 19:07:48.495837,I want to fight someone and hit them!,Anger
2023-05-23 19:07:48.507325,I want to fight someone and hit them!,Anger
2023-05-23 19:07:48.519430,I want to fight someone and hit them!,Anger
2023-05-23 19:07:48.530745,I want to fight someone and hit them!,Anger
2023-05-23 19:07:48.541357,I want to fight someone and hit them!,Anger
2023-05-23 19:07:48.554323,I want to fight someone and hit them!,Anger
2023-05-23 19:07:48.566134,I want to fight someone and hit them!,Anger
2023-05-23 19:07:48.577578,I want to fight someone and hit them!,Anger
2023-05-23 19:07:48.589509,I want to fight someone and hit them!,Anger
2023-05-23 19:07:48.601840,I want to fight someone and hit them!,Anger
2023-05-23 19:07:48.613791,I want to fight someone and hit them!,Anger
2023-05-23 19:07:48.625346,I want to fight someone and hit them!,Anger
2023-05-23 19:07:48.637674,I want to fight someone and hit them!,Anger
2023-05-23 19:07:48.649415,I want to fight someone and hit them!,Anger
2023-05-23 19:07:48.660388,I want to fight someone and hit them!,Anger
2023-05-23 19:07:48.671425,I want to fight someone and hit them!,Anger
2023-05-23 19:07:48.683168,I want to fight someone and hit them!,Anger
2023-05-23 19:07:48.694386,I want to fight someone and hit them!,Anger
2023-05-23 19:07:48.706480,I want to fight someone and hit them!,Anger
2023-05-23 19:07:48.720067,I want to fight someone and hit them!,Anger
2023-05-23 19:07:48.731680,I want to fight someone and hit them!,Anger
2023-05-23 19:07:48.743210,I want to fight someone and hit them!,Anger
2023-05-23 19:07:48.754809,I want to fight someone and hit them!,Anger
2023-05-23 19:07:48.767535,I want to fight someone and hit them!,Anger
2023-05-23 19:07:48.778921,I want to fight someone and hit them!,Anger
2023-05-23 19:07:48.790006,I want to fight someone and hit them!,Anger
2023-05-23 19:07:48.801753,I want to fight someone and hit them!,Anger
2023-05-23 19:07:48.814425,I want to fight someone and hit them!,Anger
2023-05-23 19:07:48.827966,I want to fight someone and hit them!,Anger
2023-05-23 19:07:48.839331,I want to fight someone and hit them!,Anger
2023-05-23 19:07:48.852338,I want to fight someone and hit them!,Anger
2023-05-23 19:07:48.864153,I want to fight someone and hit them!,Anger
2023-05-23 19:07:48.875167,I want to fight someone and hit them!,Anger
2023-05-23 19:07:48.887405,I want to fight someone and hit them!,Anger
2023-05-23 19:07:48.898968,I want to fight someone and hit them!,Anger
2023-05-23 19:07:48.910425,I want to fight someone and hit them!,Anger
2023-05-23 19:07:48.922689,I want to fight someone and hit them!,Anger
2023-05-23 19:07:48.934969,I want to fight someone and hit them!,Anger
2023-05-23 19:07:48.946688,I want to fight someone and hit them!,Anger
2023-05-23 19:07:48.958080,I want to fight someone and hit them!,Anger
2023-05-23 19:07:48.970148,I want to fight someone and hit them!,Anger
2023-05-23 19:07:48.981695,I want to fight someone and hit them!,Anger
2023-05-23 19:07:48.993190,I want to fight someone and hit them!,Anger
2023-05-23 19:07:49.005389,I want to fight someone and hit them!,Anger
2023-05-23 19:07:49.017697,I want to fight someone and hit them!,Anger
2023-05-23 19:07:49.029023,I want to fight someone and hit them!,Anger
2023-05-23 19:07:49.040073,I want to fight someone and hit them!,Anger
2023-05-23 19:07:49.052144,I want to fight someone and hit them!,Anger
2023-05-23 19:07:49.063492,I want to fight someone and hit them!,Anger
2023-05-23 19:07:49.074263,I want to fight someone and hit them!,Anger
2023-05-23 19:07:49.086561,I want to fight someone and hit them!,Anger
2023-05-23 19:07:49.097799,I want to fight someone and hit them!,Anger
2023-05-23 19:07:49.110750,I want to fight someone and hit them!,Anger
2023-05-23 19:07:49.122656,I want to fight someone and hit them!,Anger
2023-05-23 19:07:49.134339,I want to fight someone and hit them!,Anger
2023-05-23 19:07:49.145554,I want to fight someone and hit them!,Anger
2023-05-23 19:07:49.156625,I want to fight someone and hit them!,Anger
2023-05-23 19:07:49.168265,I want to fight someone and hit them!,Anger
2023-05-23 19:07:49.179607,I want to fight someone and hit them!,Anger
2023-05-23 19:07:49.190426,I want to fight someone and hit them!,Anger
2023-05-23 19:07:49.201995,I want to fight someone and hit them!,Anger
2023-05-23 19:07:49.213433,I want to fight someone and hit them!,Anger
2023-05-23 19:07:49.224494,I want to fight someone and hit them!,Anger
2023-05-23 19:07:49.236136,I want to fight someone and hit them!,Anger
2023-05-23 19:07:49.248775,I want to fight someone and hit them!,Anger
2023-05-23 19:07:49.259625,I want to fight someone and hit them!,Anger
2023-05-23 19:07:49.271311,I want to fight someone and hit them!,Anger
2023-05-23 19:07:49.283883,I want to fight someone and hit them!,Anger
2023-05-23 19:07:49.295393,I want to fight someone and hit them!,Anger
2023-05-23 19:07:49.306828,I want to fight someone and hit them!,Anger
2023-05-23 19:07:49.319499,I want to fight someone and hit them!,Anger
2023-05-23 19:07:49.331434,I want to fight someone and hit them!,Anger
2023-05-23 19:07:49.342464,I want to fight someone and hit them!,Anger
2023-05-23 19:07:49.355398,I want to fight someone and hit them!,Anger
2023-05-23 19:07:49.367477,I want to fight someone and hit them!,Anger
2023-05-23 19:07:49.378919,I want to fight someone and hit them!,Anger
2023-05-23 19:07:49.390439,I want to fight someone and hit them!,Anger
2023-05-23 19:07:49.402116,I want to fight someone and hit them!,Anger
2023-05-23 19:07:49.413414,I want to fight someone and hit them!,Anger
2023-05-23 19:07:49.424625,I want to fight someone and hit them!,Anger
2023-05-23 19:07:49.436241,I want to fight someone and hit them!,Anger
2023-05-23 19:07:49.450581,I want to fight someone and hit them!,Anger
2023-05-23 19:07:49.461797,I want to fight someone and hit them!,Anger
2023-05-23 19:07:49.472734,I want to fight someone and hit them!,Anger
2023-05-23 19:07:49.484769,I want to fight someone and hit them!,Anger
2023-05-23 19:07:49.495803,I want to fight someone and hit them!,Anger
2023-05-23 19:07:49.506587,I want to fight someone and hit them!,Anger
2023-05-23 19:07:49.518079,I want to fight someone and hit them!,Anger
2023-05-23 19:07:49.530879,I want to fight someone and hit them!,Anger
2023-05-23 19:07:49.541960,I want to fight someone and hit them!,Anger
2023-05-23 19:07:49.553924,I want to fight someone and hit them!,Anger
2023-05-23 19:07:49.565250,I want to fight someone and hit them!,Anger
2023-05-23 19:07:49.576092,I want to fight someone and hit them!,Anger
2023-05-23 19:07:49.587987,I want to fight someone and hit them!,Anger
2023-05-23 19:07:49.598836,I want to fight someone and hit them!,Anger
2023-05-23 19:07:49.609746,I want to fight someone and hit them!,Anger
2023-05-23 19:07:49.621417,I want to fight someone and hit them!,Anger
2023-05-23 19:07:49.632635,I want to fight someone and hit them!,Anger
2023-05-23 19:07:49.643721,I want to fight someone and hit them!,Anger
2023-05-23 19:07:49.655372,I want to fight someone and hit them!,Anger
2023-05-23 19:07:49.667312,I want to fight someone and hit them!,Anger
2023-05-23 19:07:49.679363,I want to fight someone and hit them!,Anger
2023-05-23 19:07:49.691389,I want to fight someone and hit them!,Anger
2023-05-23 19:07:49.703190,I want to fight someone and hit them!,Anger
2023-05-23 19:07:49.715504,I want to fight someone and hit them!,Anger
2023-05-23 19:07:49.727167,I want to fight someone and hit them!,Anger
2023-05-23 19:07:49.738825,I want to fight someone and hit them!,Anger
2023-05-23 19:07:49.752963,I want to fight someone and hit them!,Anger
2023-05-23 19:07:49.764783,I want to fight someone and hit them!,Anger
2023-05-23 19:07:49.776583,I want to fight someone and hit them!,Anger
2023-05-23 19:07:49.788754,I want to fight someone and hit them!,Anger
2023-05-23 19:07:49.800393,I want to fight someone and hit them!,Anger
2023-05-23 19:07:49.812302,I want to fight someone and hit them!,Anger
2023-05-23 19:07:49.823589,I want to fight someone and hit them!,Anger
2023-05-23 19:07:49.835420,I want to fight someone and hit them!,Anger
2023-05-23 19:07:49.847116,I want to fight someone and hit them!,Anger
2023-05-23 19:07:49.859023,I want to fight someone and hit them!,Anger
2023-05-23 19:07:49.870689,I want to fight someone and hit them!,Anger
2023-05-23 19:07:49.882505,I want to fight someone and hit them!,Anger
2023-05-23 19:07:49.893915,I want to fight someone and hit them!,Anger
2023-05-23 19:07:49.905336,I want to fight someone and hit them!,Anger
2023-05-23 19:07:49.917487,I want to fight someone and hit them!,Anger
2023-05-23 19:07:49.929680,I want to fight someone and hit them!,Anger
2023-05-23 19:07:49.940867,I want to fight someone and hit them!,Anger
2023-05-23 19:07:49.953240,I want to fight someone and hit them!,Anger
2023-05-23 19:07:49.964633,I want to fight someone and hit them!,Anger
2023-05-23 19:07:49.975733,I want to fight someone and hit them!,Anger
2023-05-23 19:07:49.987854,I want to fight someone and hit them!,Anger
2023-05-23 19:07:49.999265,I want to fight someone and hit them!,Anger
2023-05-23 19:07:50.011976,I want to fight someone and hit them!,Anger
2023-05-23 19:07:50.024357,I want to fight someone and hit them!,Anger
2023-05-23 19:07:50.036181,I want to fight someone and hit them!,Anger
2023-05-23 19:07:50.048141,I want to fight someone and hit them!,Anger
2023-05-23 19:07:50.060061,I want to fight someone and hit them!,Anger
2023-05-23 19:07:50.071387,I want to fight someone and hit them!,Anger
2023-05-23 19:07:50.083381,I want to fight someone and hit them!,Anger
2023-05-23 19:07:50.095045,I want to fight someone and hit them!,Anger
2023-05-23 19:07:50.108421,I want to fight someone and hit them!,Anger
2023-05-23 19:07:50.120554,I want to fight someone and hit them!,Anger
2023-05-23 19:07:50.132125,I want to fight someone and hit them!,Anger
2023-05-23 19:07:50.144012,I want to fight someone and hit them!,Anger
2023-05-23 19:07:50.155517,I want to fight someone and hit them!,Anger
2023-05-23 19:07:50.167403,I want to fight someone and hit them!,Anger
2023-05-23 19:07:50.178703,I want to fight someone and hit them!,Anger
2023-05-23 19:07:50.190259,I want to fight someone and hit them!,Anger
2023-05-23 19:07:50.201930,I want to fight someone and hit them!,Anger
2023-05-23 19:07:50.213603,I want to fight someone and hit them!,Anger
2023-05-23 19:07:50.224886,I want to fight someone and hit them!,Anger
2023-05-23 19:07:50.237007,I want to fight someone and hit them!,Anger
2023-05-23 19:07:50.249951,I want to fight someone and hit them!,Anger
2023-05-23 19:07:50.261911,I want to fight someone and hit them!,Anger
2023-05-23 19:07:50.273601,I want to fight someone and hit them!,Anger
2023-05-23 19:07:50.286110,I want to fight someone and hit them!,Anger
2023-05-23 19:07:50.297877,I want to fight someone and hit them!,Anger
2023-05-23 19:07:50.309194,I want to fight someone and hit them!,Anger
2023-05-23 19:07:50.321672,I want to fight someone and hit them!,Anger
2023-05-23 19:07:50.333446,I want to fight someone and hit them!,Anger
2023-05-23 19:07:50.347052,I want to fight someone and hit them!,Anger
2023-05-23 19:07:50.358477,I want to fight someone and hit them!,Anger
2023-05-23 19:07:50.370461,I want to fight someone and hit them!,Anger
2023-05-23 19:07:50.381984,I want to fight someone and hit them!,Anger
2023-05-23 19:07:50.393471,I want to fight someone and hit them!,Anger
2023-05-23 19:07:50.404965,I want to fight someone and hit them!,Anger
2023-05-23 19:07:50.416919,I want to fight someone and hit them!,Anger
2023-05-23 19:07:50.428495,I want to fight someone and hit them!,Anger
2023-05-23 19:07:50.439750,I want to fight someone and hit them!,Anger
2023-05-23 19:07:50.451857,I want to fight someone and hit them!,Anger
2023-05-23 19:07:50.463106,I want to fight someone and hit them!,Anger
2023-05-23 19:07:50.474247,I want to fight someone and hit them!,Anger
2023-05-23 19:07:50.486030,I want to fight someone and hit them!,Anger
2023-05-23 19:07:50.497772,I want to fight someone and hit them!,Anger
2023-05-23 19:07:50.509065,I want to fight someone and hit them!,Anger
2023-05-23 19:07:50.522443,I want to fight someone and hit them!,Anger
2023-05-23 19:07:50.534284,I want to fight someone and hit them!,Anger
2023-05-23 19:07:50.546246,I want to fight someone and hit them!,Anger
2023-05-23 19:07:50.557396,I want to fight someone and hit them!,Anger
2023-05-23 19:07:50.568931,I want to fight someone and hit them!,Anger
2023-05-23 19:07:50.580652,I want to fight someone and hit them!,Anger
2023-05-23 19:07:50.591837,I want to fight someone and hit them!,Anger
2023-05-23 19:07:50.603387,I want to fight someone and hit them!,Anger
2023-05-23 19:07:50.614841,I want to fight someone and hit them!,Anger
2023-05-23 19:07:50.625707,I want to fight someone and hit them!,Anger
2023-05-23 19:07:50.637805,I want to fight someone and hit them!,Anger
2023-05-23 19:07:50.649953,I want to fight someone and hit them!,Anger
2023-05-23 19:07:50.661336,I want to fight someone and hit them!,Anger
2023-05-23 19:07:50.672575,I want to fight someone and hit them!,Anger
2023-05-23 19:07:50.684537,I want to fight someone and hit them!,Anger
2023-05-23 19:07:50.695946,I want to fight someone and hit them!,Anger
2023-05-23 19:07:50.706816,I want to fight someone and hit them!,Anger
2023-05-23 19:07:50.718707,I want to fight someone and hit them!,Anger
2023-05-23 19:07:50.731465,I want to fight someone and hit them!,Anger
2023-05-23 19:07:50.742692,I want to fight someone and hit them!,Anger
2023-05-23 19:07:50.754480,I want to fight someone and hit them!,Anger
2023-05-23 19:07:50.765608,I want to fight someone and hit them!,Anger
2023-05-23 19:07:50.777213,I want to fight someone and hit them!,Anger
2023-05-23 19:07:50.789044,I want to fight someone and hit them!,Anger
2023-05-23 19:07:50.800734,I want to fight someone and hit them!,Anger
2023-05-23 19:07:50.812118,I want to fight someone and hit them!,Anger
2023-05-23 19:07:50.823255,I want to fight someone and hit them!,Anger
2023-05-23 19:07:50.836024,I want to fight someone and hit them!,Anger
2023-05-23 19:07:50.853452,I want to fight someone and hit them!,Anger
2023-05-23 19:07:50.867453,I want to fight someone and hit them!,Anger
2023-05-23 19:07:50.880051,I want to fight someone and hit them!,Anger
2023-05-23 19:07:50.893748,I want to fight someone and hit them!,Anger
2023-05-23 19:07:50.905530,I want to fight someone and hit them!,Anger
2023-05-23 19:07:50.918374,I want to fight someone and hit them!,Anger
2023-05-23 19:07:50.930356,I want to fight someone and hit them!,Anger
2023-05-23 19:07:50.941818,I want to fight someone and hit them!,Anger
2023-05-23 19:07:50.954523,I want to fight someone and hit them!,Anger
2023-05-23 19:07:50.966929,I want to fight someone and hit them!,Anger
2023-05-23 19:07:50.978953,I want to fight someone and hit them!,Anger
2023-05-23 19:07:50.990742,I want to fight someone and hit them!,Anger
2023-05-23 19:07:51.002430,I want to fight someone and hit them!,Anger
2023-05-23 19:07:51.013828,I want to fight someone and hit them!,Anger
2023-05-23 19:07:51.025257,I want to fight someone and hit them!,Anger
2023-05-23 19:07:51.036974,I want to fight someone and hit them!,Anger
2023-05-23 19:07:51.048490,I want to fight someone and hit them!,Anger
2023-05-23 19:07:51.059677,I want to fight someone and hit them!,Anger
2023-05-23 19:07:51.071137,I want to fight someone and hit them!,Anger
2023-05-23 19:07:51.083047,I want to fight someone and hit them!,Anger
2023-05-23 19:07:51.094641,I want to fight someone and hit them!,Anger
2023-05-23 19:07:51.105948,I want to fight someone and hit them!,Anger
2023-05-23 19:07:51.119532,I want to fight someone and hit them!,Anger
2023-05-23 19:07:51.132581,I want to fight someone and hit them!,Anger
2023-05-23 19:07:51.145832,I want to fight someone and hit them!,Anger
2023-05-23 19:07:51.158563,I want to fight someone and hit them!,Anger
2023-05-23 19:07:51.170369,I want to fight someone and hit them!,Anger
2023-05-23 19:07:51.182533,I want to fight someone and hit them!,Anger
2023-05-23 19:07:51.194124,I want to fight someone and hit them!,Anger
2023-05-23 19:07:51.205636,I want to fight someone and hit them!,Anger
2023-05-23 19:07:51.218329,I want to fight someone and hit them!,Anger
2023-05-23 19:07:51.230201,I want to fight someone and hit them!,Anger
2023-05-23 19:07:51.241401,I want to fight someone and hit them!,Anger
2023-05-23 19:07:51.255122,I want to fight someone and hit them!,Anger
2023-05-23 19:07:51.266742,I want to fight someone and hit them!,Anger
2023-05-23 19:07:51.278410,I want to fight someone and hit them!,Anger
2023-05-23 19:07:51.290019,I want to fight someone and hit them!,Anger
2023-05-23 19:07:51.304014,I want to fight someone and hit them!,Anger
2023-05-23 19:07:51.315931,I want to fight someone and hit them!,Anger
2023-05-23 19:07:51.326940,I want to fight someone and hit them!,Anger
2023-05-23 19:07:51.338185,I want to fight someone and hit them!,Anger
2023-05-23 19:07:51.350700,I want to fight someone and hit them!,Anger
2023-05-23 19:07:51.363459,I want to fight someone and hit them!,Anger
2023-05-23 19:07:51.374410,I want to fight someone and hit them!,Anger
2023-05-23 19:07:51.386386,I want to fight someone and hit them!,Anger
2023-05-23 19:07:51.397526,I want to fight someone and hit them!,Anger
2023-05-23 19:07:51.408813,I want to fight someone and hit them!,Anger
2023-05-23 19:07:51.420692,I want to fight someone and hit them!,Anger
2023-05-23 19:07:51.431706,I want to fight someone and hit them!,Anger
2023-05-23 19:07:51.442578,I want to fight someone and hit them!,Anger
2023-05-23 19:07:51.454533,I want to fight someone and hit them!,Anger
2023-05-23 19:07:51.466199,I want to fight someone and hit them!,Anger
2023-05-23 19:07:51.478021,I want to fight someone and hit them!,Anger
2023-05-23 19:07:51.489480,I want to fight someone and hit them!,Anger
2023-05-23 19:07:51.501375,I want to fight someone and hit them!,Anger
2023-05-23 19:07:51.512352,I want to fight someone and hit them!,Anger
2023-05-23 19:07:51.523593,I want to fight someone and hit them!,Anger
2023-05-23 19:07:51.535512,I want to fight someone and hit them!,Anger
2023-05-23 19:07:51.546978,I want to fight someone and hit them!,Anger
2023-05-23 19:07:51.562946,I want to fight someone and hit them!,Anger
2023-05-23 19:07:51.577125,I want to fight someone and hit them!,Anger
2023-05-23 19:07:51.591809,I want to fight someone and hit them!,Anger
2023-05-23 19:07:51.603917,I want to fight someone and hit them!,Anger
2023-05-23 19:07:51.616696,I want to fight someone and hit them!,Anger
2023-05-23 19:07:51.627376,I want to fight someone and hit them!,Anger
2023-05-23 19:07:51.638349,I want to fight someone and hit them!,Anger
2023-05-23 19:07:51.650376,I want to fight someone and hit them!,Anger
2023-05-23 19:07:51.661616,I want to fight someone and hit them!,Anger
2023-05-23 19:07:51.672544,I want to fight someone and hit them!,Anger
2023-05-23 19:07:51.685163,I want to fight someone and hit them!,Anger
2023-05-23 19:07:51.696182,I want to fight someone and hit them!,Anger
2023-05-23 19:07:51.707210,I want to fight someone and hit them!,Anger
2023-05-23 19:07:51.719647,I want to fight someone and hit them!,Anger
2023-05-23 19:07:51.731286,I want to fight someone and hit them!,Anger
2023-05-23 19:07:51.742542,I want to fight someone and hit them!,Anger
2023-05-23 19:07:51.757125,I want to fight someone and hit them!,Anger
2023-05-23 19:07:51.768931,I want to fight someone and hit them!,Anger
2023-05-23 19:07:51.780941,I want to fight someone and hit them!,Anger
2023-05-23 19:07:51.792377,I want to fight someone and hit them!,Anger
2023-05-23 19:07:51.804030,I want to fight someone and hit them!,Anger
2023-05-23 19:07:51.815471,I want to fight someone and hit them!,Anger
2023-05-23 19:07:51.826891,I want to fight someone and hit them!,Anger
2023-05-23 19:07:51.838144,I want to fight someone and hit them!,Anger
2023-05-23 19:07:51.850173,I want to fight someone and hit them!,Anger
2023-05-23 19:07:51.861808,I want to fight someone and hit them!,Anger
2023-05-23 19:07:51.873,I want to fight someone and hit them!,Anger
2023-05-23 19:07:51.885551,I want to fight someone and hit them!,Anger
2023-05-23 19:07:51.897890,I want to fight someone and hit them!,Anger
2023-05-23 19:07:51.908794,I want to fight someone and hit them!,Anger
2023-05-23 19:07:51.921079,I want to fight someone and hit them!,Anger
2023-05-23 19:07:51.932497,I want to fight someone and hit them!,Anger
2023-05-23 19:07:51.943458,I want to fight someone and hit them!,Anger
2023-05-23 19:07:51.955096,I want to fight someone and hit them!,Anger
2023-05-23 19:07:51.966602,I want to fight someone and hit them!,Anger
2023-05-23 19:07:51.978062,I want to fight someone and hit them!,Anger
2023-05-23 19:07:51.989592,I want to fight someone and hit them!,Anger
2023-05-23 19:07:52.001185,I want to fight someone and hit them!,Anger
2023-05-23 19:07:52.012958,I want to fight someone and hit them!,Anger
2023-05-23 19:07:52.024020,I want to fight someone and hit them!,Anger
2023-05-23 19:07:52.035653,I want to fight someone and hit them!,Anger
2023-05-23 19:07:52.047617,I want to fight someone and hit them!,Anger
2023-05-23 19:07:52.060035,I want to fight someone and hit them!,Anger
2023-05-23 19:07:52.071316,I want to fight someone and hit them!,Anger
2023-05-23 19:07:52.083475,I want to fight someone and hit them!,Anger
2023-05-23 19:07:52.094761,I want to fight someone and hit them!,Anger
2023-05-23 19:07:52.106024,I want to fight someone and hit them!,Anger
2023-05-23 19:07:52.118069,I want to fight someone and hit them!,Anger
2023-05-23 19:07:52.129410,I want to fight someone and hit them!,Anger
2023-05-23 19:07:52.140419,I want to fight someone and hit them!,Anger
2023-05-23 19:07:52.152825,I want to fight someone and hit them!,Anger
2023-05-23 19:07:52.164125,I want to fight someone and hit them!,Anger
2023-05-23 19:07:52.175330,I want to fight someone and hit them!,Anger
2023-05-23 19:07:52.189849,I want to fight someone and hit them!,Anger
2023-05-23 19:07:52.201956,I want to fight someone and hit them!,Anger
2023-05-23 19:07:52.214113,I want to fight someone and hit them!,Anger
2023-05-23 19:07:52.225177,I want to fight someone and hit them!,Anger
2023-05-23 19:07:52.236841,I want to fight someone and hit them!,Anger
2023-05-23 19:07:52.248778,I want to fight someone and hit them!,Anger
2023-05-23 19:07:52.260325,I want to fight someone and hit them!,Anger
2023-05-23 19:07:52.272119,I want to fight someone and hit them!,Anger
2023-05-23 19:07:52.284236,I want to fight someone and hit them!,Anger
2023-05-23 19:07:52.295771,I want to fight someone and hit them!,Anger
2023-05-23 19:07:52.307262,I want to fight someone and hit them!,Anger
2023-05-23 19:07:52.319944,I want to fight someone and hit them!,Anger
2023-05-23 19:07:52.330883,I want to fight someone and hit them!,Anger
2023-05-23 19:07:52.341837,I want to fight someone and hit them!,Anger
2023-05-23 19:07:52.354200,I want to fight someone and hit them!,Anger
2023-05-23 19:07:52.365867,I want to fight someone and hit them!,Anger
2023-05-23 19:07:52.376860,I want to fight someone and hit them!,Anger
2023-05-23 19:07:52.388233,I want to fight someone and hit them!,Anger
2023-05-23 19:07:52.400195,I want to fight someone and hit them!,Anger
2023-05-23 19:07:52.411603,I want to fight someone and hit them!,Anger
2023-05-23 19:07:52.423104,I want to fight someone and hit them!,Anger
2023-05-23 19:07:52.435164,I want to fight someone and hit them!,Anger
2023-05-23 19:07:52.447175,I want to fight someone and hit them!,Anger
2023-05-23 19:07:52.458593,I want to fight someone and hit them!,Anger
2023-05-23 19:07:52.470422,I want to fight someone and hit them!,Anger
2023-05-23 19:07:52.482236,I want to fight someone and hit them!,Anger
2023-05-23 19:07:52.493778,I want to fight someone and hit them!,Anger
2023-05-23 19:07:52.505605,I want to fight someone and hit them!,Anger
2023-05-23 19:07:52.519904,I want to fight someone and hit them!,Anger
2023-05-23 19:07:52.531887,I want to fight someone and hit them!,Anger
2023-05-23 19:07:52.543851,I want to fight someone and hit them!,Anger
2023-05-23 19:07:52.555830,I want to fight someone and hit them!,Anger
2023-05-23 19:07:52.571870,I want to fight someone and hit them!,Anger
2023-05-23 19:07:52.583919,I want to fight someone and hit them!,Anger
2023-05-23 19:07:52.594822,I want to fight someone and hit them!,Anger
2023-05-23 19:07:52.606069,I want to fight someone and hit them!,Anger
2023-05-23 19:07:52.617940,I want to fight someone and hit them!,Anger
2023-05-23 19:07:52.629092,I want to fight someone and hit them!,Anger
2023-05-23 19:07:52.640381,I want to fight someone and hit them!,Anger
2023-05-23 19:07:52.651974,I want to fight someone and hit them!,Anger
2023-05-23 19:07:52.663635,I want to fight someone and hit them!,Anger
2023-05-23 19:07:52.674609,I want to fight someone and hit them!,Anger
2023-05-23 19:07:52.686405,I want to fight someone and hit them!,Anger
2023-05-23 19:07:52.697459,I want to fight someone and hit them!,Anger
2023-05-23 19:07:52.708273,I want to fight someone and hit them!,Anger
2023-05-23 19:07:52.722833,I want to fight someone and hit them!,Anger
2023-05-23 19:07:52.734473,I want to fight someone and hit them!,Anger
2023-05-23 19:07:52.746001,I want to fight someone and hit them!,Anger
2023-05-23 19:07:52.757318,I want to fight someone and hit them!,Anger
2023-05-23 19:07:52.769365,I want to fight someone and hit them!,Anger
2023-05-23 19:07:52.781740,I want to fight someone and hit them!,Anger
2023-05-23 19:07:52.793907,I want to fight someone and hit them!,Anger
2023-05-23 19:07:52.805111,I want to fight someone and hit them!,Anger
2023-05-23 19:07:52.817495,I want to fight someone and hit them!,Anger
2023-05-23 19:07:52.828571,I want to fight someone and hit them!,Anger
2023-05-23 19:07:52.839633,I want to fight someone and hit them!,Anger
2023-05-23 19:07:52.851286,I want to fight someone and hit them!,Anger
2023-05-23 19:07:52.862419,I want to fight someone and hit them!,Anger
2023-05-23 19:07:52.873744,I want to fight someone and hit them!,Anger
2023-05-23 19:07:52.886288,I want to fight someone and hit them!,Anger
2023-05-23 19:07:52.898493,I want to fight someone and hit them!,Anger
2023-05-23 19:07:52.910099,I want to fight someone and hit them!,Anger
2023-05-23 19:07:52.921829,I want to fight someone and hit them!,Anger
2023-05-23 19:07:52.933831,I want to fight someone and hit them!,Anger
2023-05-23 19:07:52.945525,I want to fight someone and hit them!,Anger
2023-05-23 19:07:52.956644,I want to fight someone and hit them!,Anger
2023-05-23 19:07:52.969223,I want to fight someone and hit them!,Anger
2023-05-23 19:07:52.981096,I want to fight someone and hit them!,Anger
2023-05-23 19:07:52.992397,I want to fight someone and hit them!,Anger
2023-05-23 19:07:53.004831,I want to fight someone and hit them!,Anger
2023-05-23 19:07:53.018002,I want to fight someone and hit them!,Anger
2023-05-23 19:07:53.030134,I want to fight someone and hit them!,Anger
2023-05-23 19:07:53.042446,I want to fight someone and hit them!,Anger
2023-05-23 19:07:53.055144,I want to fight someone and hit them!,Anger
2023-05-23 19:07:53.067969,I want to fight someone and hit them!,Anger
2023-05-23 19:07:53.079621,I want to fight someone and hit them!,Anger
2023-05-23 19:07:53.091728,I want to fight someone and hit them!,Anger
2023-05-23 19:07:53.105113,I want to fight someone and hit them!,Anger
2023-05-23 19:07:53.118492,I want to fight someone and hit them!,Anger
2023-05-23 19:07:53.130666,I want to fight someone and hit them!,Anger
2023-05-23 19:07:53.142125,I want to fight someone and hit them!,Anger
2023-05-23 19:07:53.155091,I want to fight someone and hit them!,Anger
